A;1;M;0.305;H;
A;2;D;0.464;P
A;3;V;0.505;H
A;4;F;0.919;H
A;5;M;0.483;H
A;6;K;0.332;P;
A;7;G;0.439;N
A;8;L;0.409;H
A;9;S;0.364;N
A;10;K;0.223;P
A;11;A;0.451;H
A;12;K;0.676;P
A;13;E;0.575;P
A;14;G;0.365;N
A;15;V;0.894;H
A;16;V;0.983;H
A;17;A;0.516;H
A;18;A;0.538;H
A;19;A;0.588;H
A;20;E;0.376;P
A;21;K;0.31;P
A;22;T;0.313;N
A;23;K;0.065;P
A;24;Q;0.172;N
A;25;G;0.667;N
A;26;V;0.998;H
A;27;A;0.348;H
A;28;E;0.229;P
A;29;A;0.437;H
A;30;A;0.443;H
A;31;G;0.38;N
A;32;K;0.303;P
A;33;T;0.175;N
A;34;K;0.183;P
A;35;E;0.79;P
A;36;G;0.749;N
A;37;V;0.153;H
A;38;L;0.378;H
A;39;Y;0.809;H
A;40;V;0.704;H
A;41;G;0.379;N
A;42;S;0.395;N
A;43;K;0.418;P
A;44;T;0.681;N
A;45;K;0.549;P
A;46;E;0.255;P
A;47;G;0.3;N
A;48;V;0.839;H
A;49;V;1.0;H
A;50;H;0.162;N
A;51;G;0.882;N
A;52;V;0.912;H
A;53;A;0.366;H
A;54;T;0.916;N
A;55;V;1.0;H
A;56;A;0.9;H
A;57;E;0.518;P
A;58;K;0.442;P
A;59;T;0.411;N
A;60;K;0.334;P;
A;61;E;0.281;P
A;62;Q;0.219;N
A;63;V;0.487;H;
A;64;T;0.483;N
A;65;N;0.357;P
A;66;V;0.484;H;
A;67;G;0.219;N
A;68;G;0.45;N
A;69;A;0.953;H
A;70;V;1.0;H
A;71;V;0.98;H
A;72;T;0.794;N
A;73;G;0.856;N
A;74;V;1.0;H
A;75;T;0.695;N
A;76;A;0.859;H
A;77;V;0.617;H
A;78;A;0.937;H
A;79;Q;0.375;N
A;80;K;0.589;P
A;81;T;0.817;N
A;82;V;0.94;H
A;83;E;0.325;P
A;84;G;0.193;N
A;85;A;0.336;H
A;86;G;0.467;N
A;87;S;0.638;N
A;88;I;0.956;H
A;89;A;0.885;H
A;90;A;0.695;H
A;91;A;0.791;H
A;92;T;0.698;N
A;93;G;0.513;N
A;94;F;1.0;H
A;95;V;1.0;H
A;96;K;0.221;P
A;97;K;0.491;P
A;98;D;0.373;P
A;99;Q;0.391;N
A;100;L;0.152;H
A;101;G;0.134;N
A;102;K;0.23;P
A;103;N;0.454;P
A;104;E;0.044;P
A;105;E;0.036;P
A;106;G;0.301;N
A;107;A;0.099;H
A;108;P;0.155;P
A;109;Q;0.436;N
A;110;E;0.386;P
A;111;G;0.402;N
A;112;I;0.429;H
A;113;L;0.289;H;
A;114;E;0.034;P
A;115;D;0.161;P
A;116;M;0.445;H
A;117;P;0.857;P
A;118;V;0.912;H
A;119;D;0.156;P
A;120;P;-0.033;P
A;121;D;0.175;P
A;122;N;0.156;P
A;123;E;0.236;P
A;124;A;0.395;H
A;125;Y;-0.022;H
A;126;E;0.209;P
A;127;M;0.301;H
A;128;P;-0.029;P
A;129;S;0.354;N
A;130;E;0.086;P
A;131;E;0.05;P
A;132;G;0.236;N
A;133;Y;0.342;H
A;134;Q;0.314;N
A;135;D;0.129;P
A;136;Y;0.226;H
A;137;E;-0.026;P
A;138;P;-0.106;P
A;139;E;0.032;P
A;140;A;0.023;H
