A;1;K;0.472;P
A;2;C;0.444;H
A;3;N;0.3955;P;
A;4;T;0.401;N
A;5;A;0.501;H
A;6;T;0.643;N
A;7;C;0.045;H
A;8;A;0.376;H
A;9;T;0.868;N
A;10;Q;0.57;N
A;11;R;0.561;P
A;12;L;0.554;H
A;13;A;0.67;H
A;14;N;0.386;P
A;15;F;0.407;H
A;16;L;0.48;H
A;17;V;0.489;H;
A;18;H;0.485;N
A;19;S;0.353;N;
A;20;S;0.327;N
A;21;N;0.438;P
A;22;N;0.265;P;
A;23;F;0.446;H
A;24;G;0.269;N;
A;25;A;0.413;H
A;26;I;0.591;H
A;27;L;0.662;H
A;28;S;0.404;N
A;29;S;0.3255;N;
A;30;T;0.394;N
A;31;N;0.498;P
A;32;V;0.705;H
A;33;G;0.6;N
A;34;S;0.113;N
A;35;N;0.385;P
A;36;T;0.38;N
A;37;Y;0.456;H
