A;1;D;0.642;P
A;2;A;0.854;H
A;3;E;0.324;P
A;4;F;0.356;H;
A;5;R;0.174;P
A;6;H;0.258;N;
A;7;D;0.332;P
A;8;S;0.3695;N;
A;9;G;0.2;N
A;10;Y;0.289;H
A;11;E;0.052;P
A;12;V;0.4555;H;
A;13;H;0.198;N
A;14;H;0.301;N
A;15;Q;0.24;N
A;16;K;0.366;P
A;17;L;0.508;H
A;18;V;1.0;H
A;19;F;0.581;H
A;20;F;0.689;H
A;21;A;0.407;H
A;22;E;0.305;P;
A;23;D;0.486;P
A;24;V;0.838;H
A;25;G;0.798;N
A;26;S;0.424;N
A;27;N;0.454;P
A;28;K;0.469;P
A;29;G;0.496;N
A;30;A;0.66;H
A;31;I;0.536;H
A;32;I;1.0;H
A;33;G;0.834;N
A;34;L;0.364;H
A;35;M;0.81;H
A;36;V;0.513;H
A;37;G;0.17;N
A;38;G;0.685;N
A;39;V;1.0;H
A;40;V;1.0;H
A;41;I;0.815;H
A;42;A;0.466;H
