F;1;D;0.277;P
F;2;A;0.494;H
F;3;E;0.54;P
F;4;F;0.714;H
F;5;R;0.078;P
F;6;H;0.356;N
F;7;D;0.249;P
F;8;S;0.368;N
F;9;G;0.266;N
F;10;Y;0.225;H
F;11;E;0.138;P
F;12;V;0.398;H
F;13;H;0.371;N
F;14;H;0.371;N
F;15;Q;0.38;N
F;16;K;0.499;P
F;17;L;0.374;H
F;18;V;0.241;H
F;19;F;0.662;H
F;20;F;0.984;H
F;21;A;0.326;H
F;22;E;0.4215;P;
F;23;D;0.439;P
F;24;V;1.0;H
F;25;G;0.558;N
F;26;S;0.227;N
F;27;N;0.255;P
F;28;K;0.373;P
F;29;G;0.361;N;
F;30;A;0.271;H
F;31;I;0.758;H
F;32;I;0.872;H
F;33;G;0.504;N
F;34;L;0.262;H
F;35;M;0.273;H
F;36;V;0.4625;H;
F;37;G;0.446;N
F;38;G;0.804;N
F;39;V;1.0;H
F;40;V;1.0;H
F;41;I;0.917;H
F;42;A;0.82;H
