D;1;D;0.111;P
D;2;A;-0.055;H
D;3;E;0.445;P
D;4;F;0.369;H;
D;5;R;0.212;P
D;6;H;0.2675;N;
D;7;D;0.251;P
D;8;S;0.3845;N;
D;9;G;0.127;N
D;10;Y;0.414;H
D;11;E;0.042;P
D;12;V;0.4195;H;
D;13;H;0.391;N
D;14;H;0.215;N
D;15;Q;0.767;N
D;16;K;0.767;P
D;17;L;0.509;H
D;18;V;0.636;H
D;19;F;0.687;H
D;20;F;0.685;H
D;21;A;0.393;H
D;22;E;0.305;P;
D;23;D;0.486;P
D;24;V;0.816;H
D;25;G;0.798;N
D;26;S;0.424;N
D;27;N;0.454;P
D;28;K;0.3905;P;
D;29;G;0.439;N
D;30;A;0.333;H;
D;31;I;0.48;H
D;32;I;0.986;H
D;33;G;0.687;N
D;34;L;0.305;H
D;35;M;0.336;H
D;36;V;0.08;H
D;37;G;0.356;N;
D;38;G;0.311;N
D;39;V;1.0;H
D;40;V;1.0;H
D;41;I;0.898;H
D;42;A;0.816;H
