C;1;D;0.424;P
C;2;A;0.3325;H;
C;3;E;0.116;P
C;4;F;0.476;H;
C;5;R;0.23;P
C;6;H;0.236;N
C;7;D;0.499;P
C;8;S;0.252;N;
C;9;G;0.195;N
C;10;Y;0.334;H
C;11;E;0.183;P
C;12;V;0.4865;H;
C;13;H;0.301;N
C;14;H;0.272;N
C;15;Q;0.278;N
C;16;K;0.216;P
C;17;L;0.372;H
C;18;V;0.241;H
C;19;F;0.662;H
C;20;F;0.904;H
C;21;A;0.38;H
C;22;E;0.4215;P;
C;23;D;0.439;P
C;24;V;1.0;H
C;25;G;0.558;N
C;26;S;0.227;N
C;27;N;0.255;P
C;28;K;0.282;P
C;29;G;0.4365;N;
C;30;A;0.271;H
C;31;I;0.735;H
C;32;I;0.893;H
C;33;G;0.495;N
C;34;L;0.324;H
C;35;M;0.673;H
C;36;V;0.826;H
C;37;G;0.585;N
C;38;G;0.824;N
C;39;V;1.0;H
C;40;V;1.0;H
C;41;I;0.911;H
C;42;A;0.53;H
