E;1;D;0.496;P
E;2;A;0.437;H
E;3;E;0.605;P
E;4;F;0.62;H
E;5;R;0.095;P
E;6;H;0.3225;N;
E;7;D;0.236;P
E;8;S;0.395;N
E;9;G;0.391;N
E;10;Y;0.36;H
E;11;E;0.319;P
E;12;V;0.536;H
E;13;H;0.624;N
E;14;H;0.629;N
E;15;Q;0.303;N
E;16;K;0.531;P
E;17;L;0.621;H
E;18;V;1.0;H
E;19;F;0.386;H
E;20;F;0.419;H;
E;21;A;0.441;H
E;22;E;0.863;P
E;23;D;0.573;P
E;24;V;1.0;H
E;25;G;0.754;N
E;26;S;0.595;N
E;27;N;0.35;P
E;28;K;0.623;P
E;29;G;0.52;N
E;30;A;0.542;H
E;31;I;0.781;H
E;32;I;0.479;H
E;33;G;0.214;N
E;34;L;0.2;H
E;35;M;0.402;H
E;36;V;0.352;H
E;37;G;0.662;N
E;38;G;0.519;N
E;39;V;0.765;H
E;40;V;1.0;H
E;41;I;0.947;H
E;42;A;0.866;H
