B;1;D;0.319;P
B;2;A;0.186;H
B;3;E;0.496;P
B;4;F;0.2785;H;
B;5;R;0.218;P
B;6;H;0.3505;N;
B;7;D;0.166;P
B;8;S;0.309;N
B;9;G;0.192;N
B;10;Y;0.207;H
B;11;E;0.183;P
B;12;V;0.662;H
B;13;H;0.614;N
B;14;H;0.546;N
B;15;Q;0.634;N
B;16;K;0.767;P
B;17;L;0.78;H
B;18;V;1.0;H
B;19;F;0.386;H
B;20;F;0.4205;H;
B;21;A;0.441;H
B;22;E;0.863;P
B;23;D;0.558;P
B;24;V;1.0;H
B;25;G;0.754;N
B;26;S;0.595;N
B;27;N;0.35;P
B;28;K;0.708;P
B;29;G;0.637;N
B;30;A;0.542;H
B;31;I;0.378;H
B;32;I;0.226;H
B;33;G;0.538;N
B;34;L;0.695;H
B;35;M;0.475;H
B;36;V;0.5;H;
B;37;G;0.238;N
B;38;G;0.765;N
B;39;V;0.766;H
B;40;V;0.647;H
B;41;I;1.0;H
B;42;A;0.439;H
